id,first_name,last_name,email,phone
1,Hadleigh,Mahedy,hmahedy0@diigo.com,840 586 9744
2,Fons,Gouthier,fgouthier1@liveinternet.ru,738 206 1923
3,Mal,Wattisham,mwattisham2@devhub.com,847 229 6035
9,Dolli,Farnall,dfarnall8@imageshack.us,435 491 2057
10,June,Avison,javison9@salon.com,706 542 3252
11,Odette,Gitting,ogittinga@cnet.com,663 365 2136
12,Saunders,Wharram,swharramb@rakuten.co.jp,342 136 7414
13,Rich,Cobbing,rcobbingc@about.me,944 869 3110
14,Justinian,Ewles,jewlesd@diigo.com,464 712 2701
15,Arlana,Astlett,aastlette@tinypic.com,584 340 7279
16,Selestina,Sperry,ssperryf@slashdot.org,978 588 3800
17,Nickie,Spivey,nspiveyg@histats.com,925 391 3792
18,Adi,Chooter,achooterh@fda.gov,691 837 8159
19,Simon,Tupling,stuplingi@microsoft.com,124 449 2953
2uytf5,Jess,Courtier,jcourtiero@go.com,716 421 4567
26,Debbi,McIlvenny,dmcilvennyp@slate.com,493 ll76 3812
27,Vitia,Gorusso,vgorussoq@constantcontact.com,661 806 7168
28,Jacklyn,Mugridge,jmugridger@mac.com,127 442 0521
